sentence_id,family_id,true_label,predicted_label,predicted_probability,correct
file-tyaag-1507111040__50.0,file-tyaag-1507111040__50,1,1,0.5326105712516135,True
file-tyaag-1507111040__50.20,file-tyaag-1507111040__50,0,1,0.5125061328108013,False
file-rishthey_ka_dhaag-0807112232__18.0,file-rishthey_ka_dhaag-0807112232__18,1,0,0.4687134129915126,False
file-rishthey_ka_dhaag-0807112232__18.271,file-rishthey_ka_dhaag-0807112232__18,0,1,0.5179675205638105,False
file-sapna-0707111503__81.0,file-sapna-0707111503__81,1,0,0.4777309041313539,False
file-sapna-0707111503__81.72,file-sapna-0707111503__81,0,0,0.4880400634539927,True
file-yes-sir-0707111505__100.0,file-yes-sir-0707111505__100,1,1,0.5196386263281236,True
file-yes-sir-0707111505__100.21,file-yes-sir-0707111505__100,0,1,0.5156361834260633,False
file-doli_banaam_arthi__107.0,file-doli_banaam_arthi__107,1,1,0.5148409433711724,True
file-doli_banaam_arthi__107.1,file-doli_banaam_arthi__107,0,0,0.4508680709499091,True
file-rishthey_ka_dhaag-0807112232__22.0,file-rishthey_ka_dhaag-0807112232__22,1,0,0.4534665479461654,False
file-rishthey_ka_dhaag-0807112232__22.3,file-rishthey_ka_dhaag-0807112232__22,0,1,0.5218735669878293,False
file-katl_e_bayan-1507111042__10.0,file-katl_e_bayan-1507111042__10,1,1,0.5209803666499192,True
file-katl_e_bayan-1507111042__10.108,file-katl_e_bayan-1507111042__10,0,1,0.5112247601449094,False
file-khadi_ka_kurtha-0807112238__44.0,file-khadi_ka_kurtha-0807112238__44,1,0,0.49240374534122866,False
file-khadi_ka_kurtha-0807112238__44.3,file-khadi_ka_kurtha-0807112238__44,0,0,0.49176663601554826,True
file-rishthey_ka_dhaag-0807112232__107.0,file-rishthey_ka_dhaag-0807112232__107,1,1,0.5048786659685761,True
file-rishthey_ka_dhaag-0807112232__107.2,file-rishthey_ka_dhaag-0807112232__107,0,1,0.5049713912942565,False
file-mouth_ka_saudagar-1507111034__38.0,file-mouth_ka_saudagar-1507111034__38,1,0,0.4421039077295877,False
file-mouth_ka_saudagar-1507111034__38.60,file-mouth_ka_saudagar-1507111034__38,0,0,0.48495394152048266,True
file-yes-sir-0707111505__40.0,file-yes-sir-0707111505__40,1,0,0.4719842443629198,False
file-yes-sir-0707111505__40.4,file-yes-sir-0707111505__40,0,0,0.4591085275822378,True
file-parithyaag-0707111503__122.0,file-parithyaag-0707111503__122,1,1,0.5124351946688704,True
file-parithyaag-0707111503__122.4,file-parithyaag-0707111503__122,0,1,0.5013714816106127,False
file-kiraye_ka_ghar-1507111043__90.0,file-kiraye_ka_ghar-1507111043__90,1,1,0.501532447483562,True
file-kiraye_ka_ghar-1507111043__90.2,file-kiraye_ka_ghar-1507111043__90,0,1,0.5006222816629358,False
file-doli_banaam_arthi__29.0,file-doli_banaam_arthi__29,1,0,0.49183697551476874,False
file-doli_banaam_arthi__29.1,file-doli_banaam_arthi__29,0,0,0.4818631477728994,True
file-sapna-0707111503__120.0,file-sapna-0707111503__120,1,0,0.4696102461114225,False
file-sapna-0707111503__120.5,file-sapna-0707111503__120,0,0,0.48605768648790293,True
file-andhe_ki_lathi-1507111038__43.0,file-andhe_ki_lathi-1507111038__43,1,1,0.5659728266482494,True
file-andhe_ki_lathi-1507111038__43.29,file-andhe_ki_lathi-1507111038__43,0,0,0.4706150899483478,True
file-mouth_ka_saudagar-1507111034__8.0,file-mouth_ka_saudagar-1507111034__8,1,0,0.47593012227855586,False
file-mouth_ka_saudagar-1507111034__8.7,file-mouth_ka_saudagar-1507111034__8,0,0,0.4720845808518391,True
file-doli_banaam_arthi__132.0,file-doli_banaam_arthi__132,1,1,0.5030581683507941,True
file-doli_banaam_arthi__132.8,file-doli_banaam_arthi__132,0,1,0.5046084895819158,False
file-mouth_ka_saudagar-1507111034__4.0,file-mouth_ka_saudagar-1507111034__4,1,0,0.49782009356878143,False
file-mouth_ka_saudagar-1507111034__4.11,file-mouth_ka_saudagar-1507111034__4,0,0,0.4846607004182613,True
file-katl_e_bayan-1507111042__112.0,file-katl_e_bayan-1507111042__112,1,1,0.5888614015508866,True
file-katl_e_bayan-1507111042__112.3,file-katl_e_bayan-1507111042__112,0,1,0.5108004928196931,False
file-khadi_ka_kurtha-0807112238__95.0,file-khadi_ka_kurtha-0807112238__95,1,1,0.5553679437166591,True
file-khadi_ka_kurtha-0807112238__95.4,file-khadi_ka_kurtha-0807112238__95,0,0,0.47167053576085505,True
file-kiraye_ka_ghar-1507111043__57.0,file-kiraye_ka_ghar-1507111043__57,1,0,0.49508318658492506,False
file-kiraye_ka_ghar-1507111043__57.1,file-kiraye_ka_ghar-1507111043__57,0,0,0.4970126083058298,True
file-kiraye_ka_ghar-1507111043__91.0,file-kiraye_ka_ghar-1507111043__91,1,1,0.5733729195645408,True
file-kiraye_ka_ghar-1507111043__91.34,file-kiraye_ka_ghar-1507111043__91,0,0,0.4677640091944847,True
file-khadi_ka_kurtha-0807112238__64.0,file-khadi_ka_kurtha-0807112238__64,1,1,0.5703424327934606,True
file-khadi_ka_kurtha-0807112238__64.4,file-khadi_ka_kurtha-0807112238__64,0,0,0.4876536255896617,True
file-sapna-0707111503__106.0,file-sapna-0707111503__106,1,1,0.5878883582160491,True
file-sapna-0707111503__106.99,file-sapna-0707111503__106,0,1,0.5035681761966179,False
file-mouth_ka_saudagar-1507111034__29.0,file-mouth_ka_saudagar-1507111034__29,1,1,0.5058748278636012,True
file-mouth_ka_saudagar-1507111034__29.1,file-mouth_ka_saudagar-1507111034__29,0,1,0.5021680048486595,False
file-doli_banaam_arthi__150.0,file-doli_banaam_arthi__150,1,1,0.5839960140272421,True
file-doli_banaam_arthi__150.1,file-doli_banaam_arthi__150,0,1,0.5193215956123718,False
file-sapna-0707111503__135.0,file-sapna-0707111503__135,1,0,0.4199277786727692,False
file-sapna-0707111503__135.5,file-sapna-0707111503__135,0,0,0.48122859619426034,True
file-sapna-0707111503__90.0,file-sapna-0707111503__90,1,1,0.5145738512817519,True
file-sapna-0707111503__90.5,file-sapna-0707111503__90,0,0,0.4964949889170867,True
file-doli_banaam_arthi__50.0,file-doli_banaam_arthi__50,1,0,0.49865338136089965,False
file-doli_banaam_arthi__50.4,file-doli_banaam_arthi__50,0,0,0.4901248582544772,True
file-yes-sir-0707111505__19.0,file-yes-sir-0707111505__19,1,0,0.46623411192989933,False
file-yes-sir-0707111505__19.1,file-yes-sir-0707111505__19,0,0,0.47799777829666174,True
file-rishthey_ka_dhaag-0807112232__6.0,file-rishthey_ka_dhaag-0807112232__6,1,0,0.4766055747935679,False
file-rishthey_ka_dhaag-0807112232__6.1,file-rishthey_ka_dhaag-0807112232__6,0,0,0.4779625060361476,True
file-parithyaag-0707111503__100.0,file-parithyaag-0707111503__100,1,1,0.5048997420101373,True
file-parithyaag-0707111503__100.9,file-parithyaag-0707111503__100,0,0,0.49608609201196796,True
file-sapna-0707111503__75.0,file-sapna-0707111503__75,1,1,0.6105375388641798,True
file-sapna-0707111503__75.3,file-sapna-0707111503__75,0,1,0.5245519629447479,False
file-tyaag-1507111040__75.0,file-tyaag-1507111040__75,1,0,0.4931043738882914,False
file-tyaag-1507111040__75.9,file-tyaag-1507111040__75,0,0,0.4883233443534724,True
file-doli_banaam_arthi__71.0,file-doli_banaam_arthi__71,1,0,0.49802195864430016,False
file-doli_banaam_arthi__71.19,file-doli_banaam_arthi__71,0,0,0.47920967949952054,True
file-rishthey_ka_dhaag-0807112232__36.0,file-rishthey_ka_dhaag-0807112232__36,1,1,0.5070848710463407,True
file-rishthey_ka_dhaag-0807112232__36.1,file-rishthey_ka_dhaag-0807112232__36,0,0,0.4881169014844957,True
file-sapna-0707111503__175.0,file-sapna-0707111503__175,1,1,0.5890936859141376,True
file-sapna-0707111503__175.20,file-sapna-0707111503__175,0,1,0.5107581680069405,False
file-tyaag-1507111040__103.0,file-tyaag-1507111040__103,1,1,0.5243928845685992,True
file-tyaag-1507111040__103.17,file-tyaag-1507111040__103,0,1,0.5147957553909132,False
file-mouth_ka_saudagar-1507111034__25.0,file-mouth_ka_saudagar-1507111034__25,1,1,0.5802661771232301,True
file-mouth_ka_saudagar-1507111034__25.3,file-mouth_ka_saudagar-1507111034__25,0,0,0.49942005616354845,True
file-khadi_ka_kurtha-0807112238__24.0,file-khadi_ka_kurtha-0807112238__24,1,1,0.578687143851677,True
file-khadi_ka_kurtha-0807112238__24.1,file-khadi_ka_kurtha-0807112238__24,0,0,0.49468335023003335,True
file-yes-sir-0707111505__87.0,file-yes-sir-0707111505__87,1,0,0.4996725262240786,False
file-yes-sir-0707111505__87.21,file-yes-sir-0707111505__87,0,1,0.5022284095917987,False
file-khadi_ka_kurtha-0807112238__57.0,file-khadi_ka_kurtha-0807112238__57,1,1,0.5079577294699322,True
file-khadi_ka_kurtha-0807112238__57.4,file-khadi_ka_kurtha-0807112238__57,0,1,0.5027413249446796,False
file-doli_banaam_arthi__162.0,file-doli_banaam_arthi__162,1,1,0.547178338099485,True
file-doli_banaam_arthi__162.5,file-doli_banaam_arthi__162,0,0,0.4649391619780441,True
file-khadi_ka_kurtha-0807112238__70.0,file-khadi_ka_kurtha-0807112238__70,1,0,0.42645920740887033,False
file-khadi_ka_kurtha-0807112238__70.1,file-khadi_ka_kurtha-0807112238__70,0,1,0.5000009850125333,False
file-tyaag-1507111040__24.0,file-tyaag-1507111040__24,1,1,0.5488761441362663,True
file-tyaag-1507111040__24.1,file-tyaag-1507111040__24,0,0,0.4781531972481983,True
file-katl_e_bayan-1507111042__129.0,file-katl_e_bayan-1507111042__129,1,1,0.5799477907457122,True
file-katl_e_bayan-1507111042__129.4,file-katl_e_bayan-1507111042__129,0,1,0.503641739229388,False
file-sapna-0707111503__210.0,file-sapna-0707111503__210,1,0,0.4310771066395116,False
file-sapna-0707111503__210.3,file-sapna-0707111503__210,0,0,0.492301479172512,True
file-parithyaag-0707111503__35.0,file-parithyaag-0707111503__35,1,0,0.4444839182135405,False
file-parithyaag-0707111503__35.3,file-parithyaag-0707111503__35,0,1,0.503458196014806,False
file-mouth_ka_saudagar-1507111034__9.0,file-mouth_ka_saudagar-1507111034__9,1,1,0.5431785691199223,True
file-mouth_ka_saudagar-1507111034__9.4,file-mouth_ka_saudagar-1507111034__9,0,0,0.47813443786365944,True
file-khadi_ka_kurtha-0807112238__29.0,file-khadi_ka_kurtha-0807112238__29,1,1,0.5252022308934166,True
file-khadi_ka_kurtha-0807112238__29.1,file-khadi_ka_kurtha-0807112238__29,0,1,0.5246663798630053,False
file-rishthey_ka_dhaag-0807112232__14.0,file-rishthey_ka_dhaag-0807112232__14,1,0,0.44094392920907993,False
file-rishthey_ka_dhaag-0807112232__14.18,file-rishthey_ka_dhaag-0807112232__14,0,0,0.4532143177397301,True
file-udhaar-0707111504__130.0,file-udhaar-0707111504__130,1,1,0.5113422730461928,True
file-udhaar-0707111504__130.7,file-udhaar-0707111504__130,0,1,0.5038938684025176,False
file-andhe_ki_lathi-1507111038__172.0,file-andhe_ki_lathi-1507111038__172,1,0,0.45277587866110836,False
file-andhe_ki_lathi-1507111038__172.2,file-andhe_ki_lathi-1507111038__172,0,0,0.45424583522178386,True
file-parithyaag-0707111503__44.0,file-parithyaag-0707111503__44,1,1,0.5326784953171357,True
file-parithyaag-0707111503__44.5,file-parithyaag-0707111503__44,0,1,0.5236188256815422,False
file-andhe_ki_lathi-1507111038__77.0,file-andhe_ki_lathi-1507111038__77,1,0,0.4923505774356254,False
file-andhe_ki_lathi-1507111038__77.1,file-andhe_ki_lathi-1507111038__77,0,0,0.48747614152840724,True
file-katl_e_bayan-1507111042__3.0,file-katl_e_bayan-1507111042__3,1,1,0.5858199060715822,True
file-katl_e_bayan-1507111042__3.1,file-katl_e_bayan-1507111042__3,0,0,0.4919672669279562,True
file-doli_banaam_arthi__88.0,file-doli_banaam_arthi__88,1,0,0.4904714815932022,False
file-doli_banaam_arthi__88.3,file-doli_banaam_arthi__88,0,0,0.48003855860407935,True
file-khadi_ka_kurtha-0807112238__26.0,file-khadi_ka_kurtha-0807112238__26,1,1,0.5857895751448288,True
file-khadi_ka_kurtha-0807112238__26.1,file-khadi_ka_kurtha-0807112238__26,0,1,0.5080872089261276,False
file-udhaar-0707111504__133.0,file-udhaar-0707111504__133,1,0,0.49868813097331033,False
file-udhaar-0707111504__133.11,file-udhaar-0707111504__133,0,0,0.497616605408338,True
file-sapna-0707111503__157.0,file-sapna-0707111503__157,1,1,0.5043668117702483,True
file-sapna-0707111503__157.1,file-sapna-0707111503__157,0,1,0.5012351965245221,False
file-parithyaag-0707111503__183.0,file-parithyaag-0707111503__183,1,0,0.48617407088064357,False
file-parithyaag-0707111503__183.1,file-parithyaag-0707111503__183,0,0,0.48159626643678344,True
file-sapna-0707111503__32.0,file-sapna-0707111503__32,1,0,0.4863292503795357,False
file-sapna-0707111503__32.2,file-sapna-0707111503__32,0,0,0.4911106088532336,True
file-katl_e_bayan-1507111042__73.0,file-katl_e_bayan-1507111042__73,1,1,0.5217223945144871,True
file-katl_e_bayan-1507111042__73.1,file-katl_e_bayan-1507111042__73,0,1,0.5095695327673808,False
file-sapna-0707111503__212.0,file-sapna-0707111503__212,1,0,0.4820119608424965,False
file-sapna-0707111503__212.4,file-sapna-0707111503__212,0,0,0.48538651909853164,True
file-katl_e_bayan-1507111042__39.0,file-katl_e_bayan-1507111042__39,1,1,0.5885104108801229,True
file-katl_e_bayan-1507111042__39.1,file-katl_e_bayan-1507111042__39,0,1,0.5121341730519889,False
file-tyaag-1507111040__31.0,file-tyaag-1507111040__31,1,0,0.48903447473217804,False
file-tyaag-1507111040__31.22,file-tyaag-1507111040__31,0,0,0.4824442044697751,True
file-andhe_ki_lathi-1507111038__137.0,file-andhe_ki_lathi-1507111038__137,1,0,0.44911395120472597,False
file-andhe_ki_lathi-1507111038__137.1,file-andhe_ki_lathi-1507111038__137,0,1,0.5163510712755148,False
file-doli_banaam_arthi__97.0,file-doli_banaam_arthi__97,1,0,0.4836528695984778,False
file-doli_banaam_arthi__97.1,file-doli_banaam_arthi__97,0,0,0.48551084136340367,True
file-katl_e_bayan-1507111042__114.0,file-katl_e_bayan-1507111042__114,1,1,0.5000990722543639,True
file-katl_e_bayan-1507111042__114.1,file-katl_e_bayan-1507111042__114,0,0,0.49925543494470553,True
file-tyaag-1507111040__10.0,file-tyaag-1507111040__10,1,0,0.4913636313871895,False
file-tyaag-1507111040__10.5,file-tyaag-1507111040__10,0,0,0.4887542648017572,True
file-katl_e_bayan-1507111042__76.0,file-katl_e_bayan-1507111042__76,1,0,0.41242458167686563,False
file-katl_e_bayan-1507111042__76.1,file-katl_e_bayan-1507111042__76,0,0,0.4866201163900613,True
file-doli_banaam_arthi__124.0,file-doli_banaam_arthi__124,1,1,0.5214253706818056,True
file-doli_banaam_arthi__124.1,file-doli_banaam_arthi__124,0,1,0.5206087942137281,False
file-andhe_ki_lathi-1507111038__110.0,file-andhe_ki_lathi-1507111038__110,1,1,0.5359846753333043,True
file-andhe_ki_lathi-1507111038__110.4,file-andhe_ki_lathi-1507111038__110,0,0,0.4663138859765812,True
file-tyaag-1507111040__67.0,file-tyaag-1507111040__67,1,1,0.5163033231086176,True
file-tyaag-1507111040__67.1,file-tyaag-1507111040__67,0,1,0.5181385450484933,False
file-rishthey_ka_dhaag-0807112232__29.0,file-rishthey_ka_dhaag-0807112232__29,1,1,0.5126342364924564,True
file-rishthey_ka_dhaag-0807112232__29.2,file-rishthey_ka_dhaag-0807112232__29,0,1,0.5080145602690096,False
file-tyaag-1507111040__25.0,file-tyaag-1507111040__25,1,1,0.5262901413860026,True
file-tyaag-1507111040__25.2,file-tyaag-1507111040__25,0,1,0.5283065918485591,False
file-sapna-0707111503__113.0,file-sapna-0707111503__113,1,0,0.4497660208963083,False
file-sapna-0707111503__113.3,file-sapna-0707111503__113,0,0,0.45418432011906207,True
file-andhe_ki_lathi-1507111038__149.0,file-andhe_ki_lathi-1507111038__149,1,1,0.5039712633918796,True
file-andhe_ki_lathi-1507111038__149.3,file-andhe_ki_lathi-1507111038__149,0,0,0.4923468045570914,True
file-sapna-0707111503__189.0,file-sapna-0707111503__189,1,1,0.5122121356626053,True
file-sapna-0707111503__189.2,file-sapna-0707111503__189,0,1,0.5134229036780922,False
file-tyaag-1507111040__90.0,file-tyaag-1507111040__90,1,0,0.4939903724643516,False
file-tyaag-1507111040__90.5,file-tyaag-1507111040__90,0,0,0.4880227703789874,True
file-parithyaag-0707111503__65.0,file-parithyaag-0707111503__65,1,1,0.5000838117317136,True
file-parithyaag-0707111503__65.4,file-parithyaag-0707111503__65,0,0,0.4973449824812906,True
file-mouth_ka_saudagar-1507111034__73.0,file-mouth_ka_saudagar-1507111034__73,1,1,0.5766349549039046,True
file-mouth_ka_saudagar-1507111034__73.1,file-mouth_ka_saudagar-1507111034__73,0,0,0.49290620446072897,True
file-yes-sir-0707111505__51.0,file-yes-sir-0707111505__51,1,1,0.5074057293723214,True
file-yes-sir-0707111505__51.4,file-yes-sir-0707111505__51,0,1,0.6133838891925829,False
file-doli_banaam_arthi__116.0,file-doli_banaam_arthi__116,1,1,0.5126849832487053,True
file-doli_banaam_arthi__116.4,file-doli_banaam_arthi__116,0,1,0.5189636820253195,False
file-yes-sir-0707111505__71.0,file-yes-sir-0707111505__71,1,0,0.49105941630799904,False
file-yes-sir-0707111505__71.1,file-yes-sir-0707111505__71,0,0,0.48871444014943954,True
file-katl_e_bayan-1507111042__51.0,file-katl_e_bayan-1507111042__51,1,1,0.5465998730910848,True
file-katl_e_bayan-1507111042__51.2,file-katl_e_bayan-1507111042__51,0,1,0.5391348152579404,False
file-mouth_ka_saudagar-1507111034__90.0,file-mouth_ka_saudagar-1507111034__90,1,1,0.5432611412441541,True
file-mouth_ka_saudagar-1507111034__90.20,file-mouth_ka_saudagar-1507111034__90,0,0,0.46711534738345245,True
file-katl_e_bayan-1507111042__56.0,file-katl_e_bayan-1507111042__56,1,1,0.5646174203351295,True
file-katl_e_bayan-1507111042__56.4,file-katl_e_bayan-1507111042__56,0,0,0.48914839498788965,True
file-kiraye_ka_ghar-1507111043__171.0,file-kiraye_ka_ghar-1507111043__171,1,1,0.5186822047807198,True
file-kiraye_ka_ghar-1507111043__171.4,file-kiraye_ka_ghar-1507111043__171,0,1,0.5026172303319586,False
file-parithyaag-0707111503__81.0,file-parithyaag-0707111503__81,1,1,0.5971558627091228,True
file-parithyaag-0707111503__81.6,file-parithyaag-0707111503__81,0,1,0.5212879678285296,False
file-udhaar-0707111504__50.0,file-udhaar-0707111504__50,1,0,0.4827803472760736,False
file-udhaar-0707111504__50.5,file-udhaar-0707111504__50,0,0,0.47750596774322657,True
file-rishthey_ka_dhaag-0807112232__67.0,file-rishthey_ka_dhaag-0807112232__67,1,0,0.40247355735793755,False
file-rishthey_ka_dhaag-0807112232__67.4,file-rishthey_ka_dhaag-0807112232__67,0,0,0.47084406079122015,True
file-tyaag-1507111040__141.0,file-tyaag-1507111040__141,1,1,0.5073290951604991,True
file-tyaag-1507111040__141.5,file-tyaag-1507111040__141,0,1,0.5053634078839168,False
file-parithyaag-0707111503__39.0,file-parithyaag-0707111503__39,1,1,0.533913381412992,True
file-parithyaag-0707111503__39.1,file-parithyaag-0707111503__39,0,1,0.5233704771899623,False
file-sapna-0707111503__194.0,file-sapna-0707111503__194,1,0,0.4948246138543622,False
file-sapna-0707111503__194.5,file-sapna-0707111503__194,0,0,0.49961467640196566,True
file-sapna-0707111503__234.0,file-sapna-0707111503__234,1,1,0.5890802920659874,True
file-sapna-0707111503__234.4,file-sapna-0707111503__234,0,1,0.5066956019979764,False
file-kiraye_ka_ghar-1507111043__7.0,file-kiraye_ka_ghar-1507111043__7,1,1,0.5821971467663057,True
file-kiraye_ka_ghar-1507111043__7.5,file-kiraye_ka_ghar-1507111043__7,0,0,0.49491033194483597,True
file-parithyaag-0707111503__43.0,file-parithyaag-0707111503__43,1,1,0.5426221184293476,True
file-parithyaag-0707111503__43.2,file-parithyaag-0707111503__43,0,1,0.531841550583385,False
file-parithyaag-0707111503__95.0,file-parithyaag-0707111503__95,1,1,0.5666600665965809,True
file-parithyaag-0707111503__95.1,file-parithyaag-0707111503__95,0,0,0.49196493926090845,True
file-mouth_ka_saudagar-1507111034__74.0,file-mouth_ka_saudagar-1507111034__74,1,0,0.4195800326871554,False
file-mouth_ka_saudagar-1507111034__74.1,file-mouth_ka_saudagar-1507111034__74,0,0,0.4227693391160248,True
file-andhe_ki_lathi-1507111038__66.0,file-andhe_ki_lathi-1507111038__66,1,1,0.5331770982082803,True
file-andhe_ki_lathi-1507111038__66.1,file-andhe_ki_lathi-1507111038__66,0,1,0.5294630818356858,False
file-kiraye_ka_ghar-1507111043__66.0,file-kiraye_ka_ghar-1507111043__66,1,1,0.5424767227731562,True
file-kiraye_ka_ghar-1507111043__66.3,file-kiraye_ka_ghar-1507111043__66,0,1,0.5219654241617385,False
file-mouth_ka_saudagar-1507111034__26.0,file-mouth_ka_saudagar-1507111034__26,1,1,0.5875762471601648,True
file-mouth_ka_saudagar-1507111034__26.12,file-mouth_ka_saudagar-1507111034__26,0,1,0.5141717015096061,False
file-mouth_ka_saudagar-1507111034__83.0,file-mouth_ka_saudagar-1507111034__83,1,0,0.47596500244751516,False
file-mouth_ka_saudagar-1507111034__83.1,file-mouth_ka_saudagar-1507111034__83,0,0,0.478329327082286,True
file-sapna-0707111503__199.0,file-sapna-0707111503__199,1,1,0.5057342309340793,True
file-sapna-0707111503__199.1,file-sapna-0707111503__199,0,0,0.4973501449227162,True
file-udhaar-0707111504__117.0,file-udhaar-0707111504__117,1,1,0.5935451075522489,True
file-udhaar-0707111504__117.5,file-udhaar-0707111504__117,0,0,0.4875814110359242,True
file-tyaag-1507111040__68.0,file-tyaag-1507111040__68,1,1,0.5091532618395526,True
file-tyaag-1507111040__68.5,file-tyaag-1507111040__68,0,1,0.5156663172532137,False
file-sapna-0707111503__85.0,file-sapna-0707111503__85,1,1,0.5456756158629378,True
file-sapna-0707111503__85.4,file-sapna-0707111503__85,0,0,0.468470526310514,True
file-tyaag-1507111040__64.0,file-tyaag-1507111040__64,1,1,0.5169117678951557,True
file-tyaag-1507111040__64.1,file-tyaag-1507111040__64,0,1,0.516752913201668,False
file-kiraye_ka_ghar-1507111043__169.0,file-kiraye_ka_ghar-1507111043__169,1,0,0.49863901745003647,False
file-kiraye_ka_ghar-1507111043__169.4,file-kiraye_ka_ghar-1507111043__169,0,0,0.49642937785933705,True
file-katl_e_bayan-1507111042__88.0,file-katl_e_bayan-1507111042__88,1,1,0.5265177854881555,True
file-katl_e_bayan-1507111042__88.2,file-katl_e_bayan-1507111042__88,0,0,0.44905185681735216,True
file-udhaar-0707111504__140.0,file-udhaar-0707111504__140,1,1,0.6225988139414627,True
file-udhaar-0707111504__140.3,file-udhaar-0707111504__140,0,1,0.5401012421949944,False
file-udhaar-0707111504__148.0,file-udhaar-0707111504__148,1,1,0.5379712583484126,True
file-udhaar-0707111504__148.1,file-udhaar-0707111504__148,0,0,0.46282172854539283,True
file-parithyaag-0707111503__108.0,file-parithyaag-0707111503__108,1,0,0.46923715633590085,False
file-parithyaag-0707111503__108.3,file-parithyaag-0707111503__108,0,0,0.47698822558150766,True
file-andhe_ki_lathi-1507111038__89.0,file-andhe_ki_lathi-1507111038__89,1,0,0.46909026273567556,False
file-andhe_ki_lathi-1507111038__89.4,file-andhe_ki_lathi-1507111038__89,0,0,0.46466956260308284,True
file-doli_banaam_arthi__102.0,file-doli_banaam_arthi__102,1,0,0.44622080995817787,False
file-doli_banaam_arthi__102.1,file-doli_banaam_arthi__102,0,1,0.5171304286761286,False
file-yes-sir-0707111505__25.0,file-yes-sir-0707111505__25,1,1,0.523003008353765,True
file-yes-sir-0707111505__25.5,file-yes-sir-0707111505__25,0,1,0.5160103188246005,False
file-yes-sir-0707111505__126.0,file-yes-sir-0707111505__126,1,1,0.6175510845476796,True
file-yes-sir-0707111505__126.5,file-yes-sir-0707111505__126,0,1,0.5184849227319568,False
file-sapna-0707111503__144.0,file-sapna-0707111503__144,1,1,0.5531377247635461,True
file-sapna-0707111503__144.1,file-sapna-0707111503__144,0,0,0.47931383283677,True
file-rishthey_ka_dhaag-0807112232__49.0,file-rishthey_ka_dhaag-0807112232__49,1,0,0.47607954912306666,False
file-rishthey_ka_dhaag-0807112232__49.11,file-rishthey_ka_dhaag-0807112232__49,0,0,0.47113851728808886,True
file-sapna-0707111503__5.0,file-sapna-0707111503__5,1,1,0.5472467874578034,True
file-sapna-0707111503__5.1,file-sapna-0707111503__5,0,0,0.4827694625020013,True
file-katl_e_bayan-1507111042__117.0,file-katl_e_bayan-1507111042__117,1,1,0.5025027823522764,True
file-katl_e_bayan-1507111042__117.1,file-katl_e_bayan-1507111042__117,0,0,0.4992752291342803,True
file-doli_banaam_arthi__108.0,file-doli_banaam_arthi__108,1,0,0.48968722854065677,False
file-doli_banaam_arthi__108.18,file-doli_banaam_arthi__108,0,0,0.47279797754640435,True
file-kiraye_ka_ghar-1507111043__180.0,file-kiraye_ka_ghar-1507111043__180,1,1,0.6078916986686398,True
file-kiraye_ka_ghar-1507111043__180.1,file-kiraye_ka_ghar-1507111043__180,0,1,0.5109149161444793,False
file-kiraye_ka_ghar-1507111043__51.0,file-kiraye_ka_ghar-1507111043__51,1,1,0.5417643705203024,True
file-kiraye_ka_ghar-1507111043__51.1,file-kiraye_ka_ghar-1507111043__51,0,1,0.535027862175109,False
file-sapna-0707111503__69.0,file-sapna-0707111503__69,1,1,0.5122071865229285,True
file-sapna-0707111503__69.1,file-sapna-0707111503__69,0,1,0.5073857668353972,False
file-doli_banaam_arthi__66.0,file-doli_banaam_arthi__66,1,0,0.4449697928518353,False
file-doli_banaam_arthi__66.4,file-doli_banaam_arthi__66,0,0,0.42972706217248374,True
file-tyaag-1507111040__2.0,file-tyaag-1507111040__2,1,0,0.37365606092659215,False
file-tyaag-1507111040__2.21,file-tyaag-1507111040__2,0,0,0.4350893076996378,True
file-andhe_ki_lathi-1507111038__87.0,file-andhe_ki_lathi-1507111038__87,1,0,0.4965720409398498,False
file-andhe_ki_lathi-1507111038__87.1,file-andhe_ki_lathi-1507111038__87,0,0,0.4918310975432469,True
file-parithyaag-0707111503__146.0,file-parithyaag-0707111503__146,1,1,0.5591545771517544,True
file-parithyaag-0707111503__146.5,file-parithyaag-0707111503__146,0,0,0.48092438503645685,True
file-tyaag-1507111040__161.0,file-tyaag-1507111040__161,1,1,0.5131045802856682,True
file-tyaag-1507111040__161.4,file-tyaag-1507111040__161,0,1,0.5165311674915739,False
file-katl_e_bayan-1507111042__33.0,file-katl_e_bayan-1507111042__33,1,1,0.5253890007482642,True
file-katl_e_bayan-1507111042__33.1,file-katl_e_bayan-1507111042__33,0,1,0.5258471439778322,False
file-parithyaag-0707111503__147.0,file-parithyaag-0707111503__147,1,1,0.5035527040057695,True
file-parithyaag-0707111503__147.1,file-parithyaag-0707111503__147,0,0,0.4929624856978367,True
file-yes-sir-0707111505__33.0,file-yes-sir-0707111505__33,1,1,0.5015653888088982,True
file-yes-sir-0707111505__33.5,file-yes-sir-0707111505__33,0,0,0.49786301852526416,True
file-kiraye_ka_ghar-1507111043__59.0,file-kiraye_ka_ghar-1507111043__59,1,0,0.4915343312810809,False
file-kiraye_ka_ghar-1507111043__59.4,file-kiraye_ka_ghar-1507111043__59,0,0,0.48555118805058234,True
file-tyaag-1507111040__1.0,file-tyaag-1507111040__1,1,1,0.5165511820086283,True
file-tyaag-1507111040__1.5,file-tyaag-1507111040__1,0,1,0.5128643532108835,False
file-doli_banaam_arthi__82.0,file-doli_banaam_arthi__82,1,1,0.5381766122308159,True
file-doli_banaam_arthi__82.3,file-doli_banaam_arthi__82,0,1,0.5250881123300027,False
file-katl_e_bayan-1507111042__29.0,file-katl_e_bayan-1507111042__29,1,1,0.5103729187796667,True
file-katl_e_bayan-1507111042__29.9,file-katl_e_bayan-1507111042__29,0,1,0.501723892263909,False
file-sapna-0707111503__207.0,file-sapna-0707111503__207,1,0,0.49277736491360113,False
file-sapna-0707111503__207.19,file-sapna-0707111503__207,0,1,0.5001334546840649,False
file-parithyaag-0707111503__40.0,file-parithyaag-0707111503__40,1,1,0.5986238855565363,True
file-parithyaag-0707111503__40.5,file-parithyaag-0707111503__40,0,1,0.5195638774687722,False
file-yes-sir-0707111505__76.0,file-yes-sir-0707111505__76,1,0,0.45291976009202817,False
file-yes-sir-0707111505__76.5,file-yes-sir-0707111505__76,0,1,0.5245943083354556,False
file-parithyaag-0707111503__162.0,file-parithyaag-0707111503__162,1,1,0.5828375163580496,True
file-parithyaag-0707111503__162.2,file-parithyaag-0707111503__162,0,1,0.5071450907236503,False
file-udhaar-0707111504__106.0,file-udhaar-0707111504__106,1,0,0.39851904233440394,False
file-udhaar-0707111504__106.5,file-udhaar-0707111504__106,0,0,0.477968643826496,True
file-tyaag-1507111040__6.0,file-tyaag-1507111040__6,1,1,0.5546008446046735,True
file-tyaag-1507111040__6.1,file-tyaag-1507111040__6,0,1,0.5402367146722012,False
file-doli_banaam_arthi__173.0,file-doli_banaam_arthi__173,1,1,0.5230229331780492,True
file-doli_banaam_arthi__173.1,file-doli_banaam_arthi__173,0,1,0.5233697976057792,False
file-mouth_ka_saudagar-1507111034__111.0,file-mouth_ka_saudagar-1507111034__111,1,0,0.4938708373226659,False
file-mouth_ka_saudagar-1507111034__111.1,file-mouth_ka_saudagar-1507111034__111,0,0,0.48954979719281494,True
file-doli_banaam_arthi__149.0,file-doli_banaam_arthi__149,1,1,0.5055846573567233,True
file-doli_banaam_arthi__149.1,file-doli_banaam_arthi__149,0,1,0.5050769012777849,False
file-tyaag-1507111040__80.0,file-tyaag-1507111040__80,1,1,0.5047967293321898,True
file-tyaag-1507111040__80.5,file-tyaag-1507111040__80,0,1,0.5055376414670637,False
file-kiraye_ka_ghar-1507111043__123.0,file-kiraye_ka_ghar-1507111043__123,1,1,0.5062176514252718,True
file-kiraye_ka_ghar-1507111043__123.1,file-kiraye_ka_ghar-1507111043__123,0,1,0.5029882499380787,False
file-khadi_ka_kurtha-0807112238__92.0,file-khadi_ka_kurtha-0807112238__92,1,1,0.5944646539082951,True
file-khadi_ka_kurtha-0807112238__92.1,file-khadi_ka_kurtha-0807112238__92,0,1,0.5101839696180425,False
file-sapna-0707111503__220.0,file-sapna-0707111503__220,1,1,0.5304530265567273,True
file-sapna-0707111503__220.2,file-sapna-0707111503__220,0,1,0.5292617972329072,False
file-kiraye_ka_ghar-1507111043__85.0,file-kiraye_ka_ghar-1507111043__85,1,1,0.5128606532299937,True
file-kiraye_ka_ghar-1507111043__85.1,file-kiraye_ka_ghar-1507111043__85,0,1,0.5089573580326942,False
file-rishthey_ka_dhaag-0807112232__28.0,file-rishthey_ka_dhaag-0807112232__28,1,0,0.4789186884884946,False
file-rishthey_ka_dhaag-0807112232__28.5,file-rishthey_ka_dhaag-0807112232__28,0,1,0.5327165096740337,False
file-kiraye_ka_ghar-1507111043__19.0,file-kiraye_ka_ghar-1507111043__19,1,0,0.4907419278166752,False
file-kiraye_ka_ghar-1507111043__19.1,file-kiraye_ka_ghar-1507111043__19,0,0,0.49334943032159306,True
file-udhaar-0707111504__141.0,file-udhaar-0707111504__141,1,0,0.45626181738595256,False
file-udhaar-0707111504__141.1,file-udhaar-0707111504__141,0,1,0.5120130494700401,False
file-parithyaag-0707111503__42.0,file-parithyaag-0707111503__42,1,0,0.49844643347462186,False
file-parithyaag-0707111503__42.1,file-parithyaag-0707111503__42,0,0,0.4975210638991535,True
file-katl_e_bayan-1507111042__12.0,file-katl_e_bayan-1507111042__12,1,1,0.5387214178764217,True
file-katl_e_bayan-1507111042__12.5,file-katl_e_bayan-1507111042__12,0,1,0.5185521937045985,False
file-doli_banaam_arthi__65.0,file-doli_banaam_arthi__65,1,1,0.5088020642172859,True
file-doli_banaam_arthi__65.4,file-doli_banaam_arthi__65,0,1,0.5100053501865924,False
file-parithyaag-0707111503__148.0,file-parithyaag-0707111503__148,1,1,0.519442874890228,True
file-parithyaag-0707111503__148.1,file-parithyaag-0707111503__148,0,1,0.5164006726504746,False
file-doli_banaam_arthi__98.0,file-doli_banaam_arthi__98,1,1,0.5514306334911687,True
file-doli_banaam_arthi__98.3,file-doli_banaam_arthi__98,0,0,0.45812156136688775,True
file-tyaag-1507111040__131.0,file-tyaag-1507111040__131,1,1,0.5092113564765485,True
file-tyaag-1507111040__131.1,file-tyaag-1507111040__131,0,1,0.5073129578902991,False
file-tyaag-1507111040__42.0,file-tyaag-1507111040__42,1,0,0.49111617939398516,False
file-tyaag-1507111040__42.1,file-tyaag-1507111040__42,0,0,0.4922874634777854,True
file-yes-sir-0707111505__56.0,file-yes-sir-0707111505__56,1,0,0.4932224999254075,False
file-yes-sir-0707111505__56.1,file-yes-sir-0707111505__56,0,0,0.4873956369826052,True
file-tyaag-1507111040__126.0,file-tyaag-1507111040__126,1,1,0.5203135353792997,True
file-tyaag-1507111040__126.1,file-tyaag-1507111040__126,0,1,0.508141724414947,False
file-kiraye_ka_ghar-1507111043__158.0,file-kiraye_ka_ghar-1507111043__158,1,0,0.45975800425363095,False
file-kiraye_ka_ghar-1507111043__158.1,file-kiraye_ka_ghar-1507111043__158,0,0,0.45862005409891876,True
file-andhe_ki_lathi-1507111038__156.0,file-andhe_ki_lathi-1507111038__156,1,1,0.5309868400724848,True
file-andhe_ki_lathi-1507111038__156.1,file-andhe_ki_lathi-1507111038__156,0,1,0.5229592794170895,False
file-katl_e_bayan-1507111042__144.0,file-katl_e_bayan-1507111042__144,1,1,0.5285754777965719,True
file-katl_e_bayan-1507111042__144.2,file-katl_e_bayan-1507111042__144,0,1,0.5213276797988957,False
file-udhaar-0707111504__27.0,file-udhaar-0707111504__27,1,0,0.37270920122498186,False
file-udhaar-0707111504__27.5,file-udhaar-0707111504__27,0,0,0.43635320734248434,True
file-katl_e_bayan-1507111042__78.0,file-katl_e_bayan-1507111042__78,1,1,0.5104394333156471,True
file-katl_e_bayan-1507111042__78.1,file-katl_e_bayan-1507111042__78,0,1,0.5058446726978754,False
file-kiraye_ka_ghar-1507111043__162.0,file-kiraye_ka_ghar-1507111043__162,1,1,0.5174832002080411,True
file-kiraye_ka_ghar-1507111043__162.5,file-kiraye_ka_ghar-1507111043__162,0,1,0.5074049263599618,False
file-sapna-0707111503__169.0,file-sapna-0707111503__169,1,0,0.4814119295797936,False
file-sapna-0707111503__169.1,file-sapna-0707111503__169,0,0,0.4794980836336573,True
file-sapna-0707111503__146.0,file-sapna-0707111503__146,1,1,0.5904824326927013,True
file-sapna-0707111503__146.1,file-sapna-0707111503__146,0,1,0.5059014882604119,False
file-yes-sir-0707111505__24.0,file-yes-sir-0707111505__24,1,1,0.5378592103706447,True
file-yes-sir-0707111505__24.1,file-yes-sir-0707111505__24,0,1,0.5268046861476783,False
file-parithyaag-0707111503__13.0,file-parithyaag-0707111503__13,1,1,0.521265827795829,True
file-parithyaag-0707111503__13.1,file-parithyaag-0707111503__13,0,1,0.510742437676586,False
file-sapna-0707111503__36.0,file-sapna-0707111503__36,1,1,0.5208749701635249,True
file-sapna-0707111503__36.5,file-sapna-0707111503__36,0,0,0.48863616197854215,True
file-sapna-0707111503__225.0,file-sapna-0707111503__225,1,1,0.5233932974096097,True
file-sapna-0707111503__225.1,file-sapna-0707111503__225,0,1,0.5177471537920583,False
file-andhe_ki_lathi-1507111038__27.0,file-andhe_ki_lathi-1507111038__27,1,1,0.5272318830654176,True
file-andhe_ki_lathi-1507111038__27.1,file-andhe_ki_lathi-1507111038__27,0,1,0.5378874184363043,False
file-parithyaag-0707111503__82.0,file-parithyaag-0707111503__82,1,1,0.5097849302289339,True
file-parithyaag-0707111503__82.1,file-parithyaag-0707111503__82,0,1,0.5005414805651599,False
file-rishthey_ka_dhaag-0807112232__100.0,file-rishthey_ka_dhaag-0807112232__100,1,0,0.42196667365918167,False
file-rishthey_ka_dhaag-0807112232__100.1,file-rishthey_ka_dhaag-0807112232__100,0,1,0.5022105130906291,False
file-kiraye_ka_ghar-1507111043__117.0,file-kiraye_ka_ghar-1507111043__117,1,0,0.4237107205138542,False
file-kiraye_ka_ghar-1507111043__117.1,file-kiraye_ka_ghar-1507111043__117,0,0,0.49205448184544237,True
file-sapna-0707111503__6.0,file-sapna-0707111503__6,1,0,0.4759562074909805,False
file-sapna-0707111503__6.4,file-sapna-0707111503__6,0,0,0.45781581941514937,True
file-tyaag-1507111040__122.0,file-tyaag-1507111040__122,1,0,0.4865818908634459,False
file-tyaag-1507111040__122.1,file-tyaag-1507111040__122,0,0,0.48139882112913207,True
file-kiraye_ka_ghar-1507111043__67.0,file-kiraye_ka_ghar-1507111043__67,1,1,0.5204283910357035,True
file-kiraye_ka_ghar-1507111043__67.1,file-kiraye_ka_ghar-1507111043__67,0,1,0.5117571673567842,False
file-rishthey_ka_dhaag-0807112232__30.0,file-rishthey_ka_dhaag-0807112232__30,1,0,0.49137133845081077,False
file-rishthey_ka_dhaag-0807112232__30.1,file-rishthey_ka_dhaag-0807112232__30,0,0,0.48469711750904204,True
file-khadi_ka_kurtha-0807112238__53.0,file-khadi_ka_kurtha-0807112238__53,1,1,0.5112924745423618,True
file-khadi_ka_kurtha-0807112238__53.2,file-khadi_ka_kurtha-0807112238__53,0,1,0.5147424712387904,False
file-andhe_ki_lathi-1507111038__140.0,file-andhe_ki_lathi-1507111038__140,1,1,0.5635694735394845,True
file-andhe_ki_lathi-1507111038__140.5,file-andhe_ki_lathi-1507111038__140,0,0,0.49530639020292216,True
file-sapna-0707111503__184.0,file-sapna-0707111503__184,1,1,0.6105203380622312,True
file-sapna-0707111503__184.1,file-sapna-0707111503__184,0,1,0.5316436810770726,False
file-sapna-0707111503__15.0,file-sapna-0707111503__15,1,1,0.5776738939688557,True
file-sapna-0707111503__15.1,file-sapna-0707111503__15,0,1,0.5723193820900659,False
file-doli_banaam_arthi__72.0,file-doli_banaam_arthi__72,1,1,0.51194401913205,True
file-doli_banaam_arthi__72.1,file-doli_banaam_arthi__72,0,1,0.5110872931859547,False
file-sapna-0707111503__128.0,file-sapna-0707111503__128,1,1,0.5996409007344773,True
file-sapna-0707111503__128.1,file-sapna-0707111503__128,0,1,0.5133361457721322,False
file-sapna-0707111503__121.0,file-sapna-0707111503__121,1,1,0.5129638106285134,True
file-sapna-0707111503__121.1,file-sapna-0707111503__121,0,1,0.5076505247555281,False
file-kiraye_ka_ghar-1507111043__101.0,file-kiraye_ka_ghar-1507111043__101,1,1,0.5073259217284356,True
file-kiraye_ka_ghar-1507111043__101.1,file-kiraye_ka_ghar-1507111043__101,0,1,0.5082333464892553,False
file-rishthey_ka_dhaag-0807112232__71.0,file-rishthey_ka_dhaag-0807112232__71,1,1,0.5218442218839456,True
file-rishthey_ka_dhaag-0807112232__71.1,file-rishthey_ka_dhaag-0807112232__71,0,1,0.5162394763624084,False
file-rishthey_ka_dhaag-0807112232__34.0,file-rishthey_ka_dhaag-0807112232__34,1,1,0.5848106551891299,True
file-rishthey_ka_dhaag-0807112232__34.5,file-rishthey_ka_dhaag-0807112232__34,0,1,0.5099849067541309,False
file-mouth_ka_saudagar-1507111034__20.0,file-mouth_ka_saudagar-1507111034__20,1,0,0.4461728377160415,False
file-mouth_ka_saudagar-1507111034__20.1,file-mouth_ka_saudagar-1507111034__20,0,1,0.5225541940089179,False
file-udhaar-0707111504__139.0,file-udhaar-0707111504__139,1,1,0.5100120310198779,True
file-udhaar-0707111504__139.1,file-udhaar-0707111504__139,0,1,0.5075110767468398,False
file-rishthey_ka_dhaag-0807112232__25.0,file-rishthey_ka_dhaag-0807112232__25,1,1,0.5668227876748966,True
file-rishthey_ka_dhaag-0807112232__25.2,file-rishthey_ka_dhaag-0807112232__25,0,0,0.48571305667802206,True
file-parithyaag-0707111503__28.0,file-parithyaag-0707111503__28,1,1,0.5168783935973763,True
file-parithyaag-0707111503__28.5,file-parithyaag-0707111503__28,0,1,0.5063613401986239,False
file-tyaag-1507111040__108.0,file-tyaag-1507111040__108,1,0,0.47160965971848673,False
file-tyaag-1507111040__108.5,file-tyaag-1507111040__108,0,0,0.4670789884455221,True
file-sapna-0707111503__193.0,file-sapna-0707111503__193,1,0,0.43736771101065713,False
file-sapna-0707111503__193.5,file-sapna-0707111503__193,0,0,0.4407093219858225,True
file-doli_banaam_arthi__14.0,file-doli_banaam_arthi__14,1,0,0.4945252117467079,False
file-doli_banaam_arthi__14.1,file-doli_banaam_arthi__14,0,0,0.4902690270286179,True
file-parithyaag-0707111503__2.0,file-parithyaag-0707111503__2,1,1,0.520764322028403,True
file-parithyaag-0707111503__2.5,file-parithyaag-0707111503__2,0,1,0.5194715991627772,False
file-andhe_ki_lathi-1507111038__102.0,file-andhe_ki_lathi-1507111038__102,1,0,0.49352735180214663,False
file-andhe_ki_lathi-1507111038__102.2,file-andhe_ki_lathi-1507111038__102,0,1,0.5017448144092275,False
file-andhe_ki_lathi-1507111038__78.0,file-andhe_ki_lathi-1507111038__78,1,1,0.5630637411987915,True
file-andhe_ki_lathi-1507111038__78.1,file-andhe_ki_lathi-1507111038__78,0,0,0.4870828890566973,True
file-doli_banaam_arthi__38.0,file-doli_banaam_arthi__38,1,1,0.5047017539614876,True
file-doli_banaam_arthi__38.1,file-doli_banaam_arthi__38,0,1,0.5079119703230285,False
file-andhe_ki_lathi-1507111038__93.0,file-andhe_ki_lathi-1507111038__93,1,1,0.522720211711684,True
file-andhe_ki_lathi-1507111038__93.1,file-andhe_ki_lathi-1507111038__93,0,1,0.5230363940032945,False
file-parithyaag-0707111503__157.0,file-parithyaag-0707111503__157,1,0,0.4923674395838294,False
file-parithyaag-0707111503__157.1,file-parithyaag-0707111503__157,0,0,0.48746426058128467,True
file-mouth_ka_saudagar-1507111034__53.0,file-mouth_ka_saudagar-1507111034__53,1,0,0.4790294248303916,False
file-mouth_ka_saudagar-1507111034__53.1,file-mouth_ka_saudagar-1507111034__53,0,0,0.48219599406463776,True
file-yes-sir-0707111505__152.0,file-yes-sir-0707111505__152,1,1,0.5074452351236921,True
file-yes-sir-0707111505__152.1,file-yes-sir-0707111505__152,0,1,0.5038462248445521,False
file-andhe_ki_lathi-1507111038__133.0,file-andhe_ki_lathi-1507111038__133,1,0,0.45879636430957677,False
file-andhe_ki_lathi-1507111038__133.1,file-andhe_ki_lathi-1507111038__133,0,1,0.5374432151079609,False
file-tyaag-1507111040__128.0,file-tyaag-1507111040__128,1,1,0.5109579851233459,True
file-tyaag-1507111040__128.1,file-tyaag-1507111040__128,0,1,0.5103707944460062,False
file-sapna-0707111503__191.0,file-sapna-0707111503__191,1,0,0.4813983037683186,False
file-sapna-0707111503__191.1,file-sapna-0707111503__191,0,0,0.47733793250446166,True
file-udhaar-0707111504__69.0,file-udhaar-0707111504__69,1,1,0.5508666376300574,True
file-udhaar-0707111504__69.1,file-udhaar-0707111504__69,0,0,0.4749360584997845,True
file-parithyaag-0707111503__152.0,file-parithyaag-0707111503__152,1,1,0.5745913649029054,True
file-parithyaag-0707111503__152.1,file-parithyaag-0707111503__152,0,0,0.42853087891591524,True
file-parithyaag-0707111503__41.0,file-parithyaag-0707111503__41,1,1,0.5225145994659315,True
file-parithyaag-0707111503__41.1,file-parithyaag-0707111503__41,0,1,0.5197357282735873,False
file-sapna-0707111503__238.0,file-sapna-0707111503__238,1,1,0.5062468149205825,True
file-sapna-0707111503__238.1,file-sapna-0707111503__238,0,1,0.5024632329164742,False
file-kiraye_ka_ghar-1507111043__74.0,file-kiraye_ka_ghar-1507111043__74,1,1,0.5168369438604167,True
file-kiraye_ka_ghar-1507111043__74.1,file-kiraye_ka_ghar-1507111043__74,0,1,0.5108506064548781,False
file-sapna-0707111503__162.0,file-sapna-0707111503__162,1,0,0.49797168677047826,False
file-sapna-0707111503__162.1,file-sapna-0707111503__162,0,0,0.4977137154088518,True
file-kiraye_ka_ghar-1507111043__164.0,file-kiraye_ka_ghar-1507111043__164,1,1,0.5015594756430413,True
file-kiraye_ka_ghar-1507111043__164.1,file-kiraye_ka_ghar-1507111043__164,0,0,0.49079111393995145,True
file-doli_banaam_arthi__183.0,file-doli_banaam_arthi__183,1,1,0.5679815349146681,True
file-doli_banaam_arthi__183.1,file-doli_banaam_arthi__183,0,0,0.49409151832243436,True
file-parithyaag-0707111503__64.0,file-parithyaag-0707111503__64,1,0,0.4529060104405862,False
file-parithyaag-0707111503__64.2,file-parithyaag-0707111503__64,0,1,0.5285911426475064,False
file-andhe_ki_lathi-1507111038__74.0,file-andhe_ki_lathi-1507111038__74,1,0,0.48361110606037244,False
file-andhe_ki_lathi-1507111038__74.2,file-andhe_ki_lathi-1507111038__74,0,0,0.48749473414407546,True
file-doli_banaam_arthi__101.0,file-doli_banaam_arthi__101,1,0,0.4442538317192734,False
file-doli_banaam_arthi__101.1,file-doli_banaam_arthi__101,0,1,0.5206873444548644,False
file-kiraye_ka_ghar-1507111043__106.0,file-kiraye_ka_ghar-1507111043__106,1,1,0.5930518239825566,True
file-kiraye_ka_ghar-1507111043__106.1,file-kiraye_ka_ghar-1507111043__106,0,1,0.5206387934478099,False
file-khadi_ka_kurtha-0807112238__114.0,file-khadi_ka_kurtha-0807112238__114,1,1,0.5184150084362159,True
file-khadi_ka_kurtha-0807112238__114.1,file-khadi_ka_kurtha-0807112238__114,0,1,0.5148772074091916,False
file-tyaag-1507111040__98.0,file-tyaag-1507111040__98,1,0,0.48902499650431347,False
file-tyaag-1507111040__98.1,file-tyaag-1507111040__98,0,0,0.48984810650942945,True
file-sapna-0707111503__154.0,file-sapna-0707111503__154,1,1,0.5033049075923659,True
file-sapna-0707111503__154.4,file-sapna-0707111503__154,0,1,0.5050344199557916,False
file-yes-sir-0707111505__20.0,file-yes-sir-0707111505__20,1,1,0.5550363076168968,True
file-yes-sir-0707111505__20.5,file-yes-sir-0707111505__20,0,0,0.4848619513850268,True
file-mouth_ka_saudagar-1507111034__100.0,file-mouth_ka_saudagar-1507111034__100,1,1,0.5375721769876391,True
file-mouth_ka_saudagar-1507111034__100.1,file-mouth_ka_saudagar-1507111034__100,0,1,0.5287557607630318,False
file-kiraye_ka_ghar-1507111043__195.0,file-kiraye_ka_ghar-1507111043__195,1,0,0.43223719846572406,False
file-kiraye_ka_ghar-1507111043__195.1,file-kiraye_ka_ghar-1507111043__195,0,1,0.5048423598519474,False
file-sapna-0707111503__150.0,file-sapna-0707111503__150,1,0,0.4999949951487307,False
file-sapna-0707111503__150.1,file-sapna-0707111503__150,0,1,0.5058672528638511,False
file-yes-sir-0707111505__22.0,file-yes-sir-0707111505__22,1,1,0.5780223269025832,True
file-yes-sir-0707111505__22.1,file-yes-sir-0707111505__22,0,0,0.49018173961584144,True
file-katl_e_bayan-1507111042__143.0,file-katl_e_bayan-1507111042__143,1,1,0.5077868788191924,True
file-katl_e_bayan-1507111042__143.1,file-katl_e_bayan-1507111042__143,0,1,0.509708265366048,False
file-yes-sir-0707111505__114.0,file-yes-sir-0707111505__114,1,1,0.5077745289525653,True
file-yes-sir-0707111505__114.2,file-yes-sir-0707111505__114,0,1,0.5043627593392429,False
file-rishthey_ka_dhaag-0807112232__7.0,file-rishthey_ka_dhaag-0807112232__7,1,1,0.543203579186165,True
file-rishthey_ka_dhaag-0807112232__7.1,file-rishthey_ka_dhaag-0807112232__7,0,1,0.5400582320946181,False
file-andhe_ki_lathi-1507111038__28.0,file-andhe_ki_lathi-1507111038__28,1,1,0.5068543767529041,True
file-andhe_ki_lathi-1507111038__28.1,file-andhe_ki_lathi-1507111038__28,0,1,0.5175755243992725,False
file-yes-sir-0707111505__119.0,file-yes-sir-0707111505__119,1,1,0.5222205075149907,True
file-yes-sir-0707111505__119.4,file-yes-sir-0707111505__119,0,1,0.5192252565764529,False
file-kiraye_ka_ghar-1507111043__167.0,file-kiraye_ka_ghar-1507111043__167,1,1,0.530586255184605,True
file-kiraye_ka_ghar-1507111043__167.1,file-kiraye_ka_ghar-1507111043__167,0,1,0.5168951514686703,False
file-udhaar-0707111504__103.0,file-udhaar-0707111504__103,1,1,0.5282848800047215,True
file-udhaar-0707111504__103.1,file-udhaar-0707111504__103,0,1,0.5175524761219386,False
file-yes-sir-0707111505__165.0,file-yes-sir-0707111505__165,1,0,0.41823549669554805,False
file-yes-sir-0707111505__165.1,file-yes-sir-0707111505__165,0,0,0.4225193776207432,True
file-doli_banaam_arthi__31.0,file-doli_banaam_arthi__31,1,1,0.5282829335190694,True
file-doli_banaam_arthi__31.1,file-doli_banaam_arthi__31,0,1,0.5221086453846433,False
file-andhe_ki_lathi-1507111038__21.0,file-andhe_ki_lathi-1507111038__21,1,1,0.5170530684809255,True
file-andhe_ki_lathi-1507111038__21.3,file-andhe_ki_lathi-1507111038__21,0,1,0.5172235632898654,False
file-udhaar-0707111504__108.0,file-udhaar-0707111504__108,1,0,0.4976084212618421,False
file-udhaar-0707111504__108.1,file-udhaar-0707111504__108,0,0,0.4902496979983675,True
file-rishthey_ka_dhaag-0807112232__41.0,file-rishthey_ka_dhaag-0807112232__41,1,0,0.48944918711427654,False
file-rishthey_ka_dhaag-0807112232__41.1,file-rishthey_ka_dhaag-0807112232__41,0,0,0.49156318422298634,True
file-parithyaag-0707111503__73.0,file-parithyaag-0707111503__73,1,1,0.6052392679160884,True
file-parithyaag-0707111503__73.1,file-parithyaag-0707111503__73,0,1,0.5228872378168515,False
file-yes-sir-0707111505__72.0,file-yes-sir-0707111505__72,1,1,0.5906084793864439,True
file-yes-sir-0707111505__72.1,file-yes-sir-0707111505__72,0,1,0.5049590812022748,False
file-parithyaag-0707111503__182.0,file-parithyaag-0707111503__182,1,0,0.4168602667117239,False
file-parithyaag-0707111503__182.3,file-parithyaag-0707111503__182,0,0,0.4862364549600638,True
file-doli_banaam_arthi__58.0,file-doli_banaam_arthi__58,1,1,0.530431386286975,True
file-doli_banaam_arthi__58.1,file-doli_banaam_arthi__58,0,1,0.5237098047676528,False
file-andhe_ki_lathi-1507111038__84.0,file-andhe_ki_lathi-1507111038__84,1,0,0.49946613872205614,False
file-andhe_ki_lathi-1507111038__84.1,file-andhe_ki_lathi-1507111038__84,0,0,0.4936643792992032,True
file-sapna-0707111503__230.0,file-sapna-0707111503__230,1,0,0.4650606676989251,False
file-sapna-0707111503__230.1,file-sapna-0707111503__230,0,0,0.46511250481106564,True
file-rishthey_ka_dhaag-0807112232__91.0,file-rishthey_ka_dhaag-0807112232__91,1,1,0.5197880786291903,True
file-rishthey_ka_dhaag-0807112232__91.4,file-rishthey_ka_dhaag-0807112232__91,0,1,0.5119528697287972,False
file-sapna-0707111503__11.0,file-sapna-0707111503__11,1,1,0.5908537398127914,True
file-sapna-0707111503__11.1,file-sapna-0707111503__11,0,1,0.5072489856365892,False
file-katl_e_bayan-1507111042__142.0,file-katl_e_bayan-1507111042__142,1,1,0.531459346159289,True
file-katl_e_bayan-1507111042__142.1,file-katl_e_bayan-1507111042__142,0,1,0.5254151916806122,False
file-kiraye_ka_ghar-1507111043__160.0,file-kiraye_ka_ghar-1507111043__160,1,1,0.5270158748297031,True
file-kiraye_ka_ghar-1507111043__160.1,file-kiraye_ka_ghar-1507111043__160,0,1,0.511943019488695,False
file-udhaar-0707111504__6.0,file-udhaar-0707111504__6,1,0,0.4811767275531619,False
file-udhaar-0707111504__6.1,file-udhaar-0707111504__6,0,0,0.48699576675338163,True
file-tyaag-1507111040__3.0,file-tyaag-1507111040__3,1,1,0.5349040679765792,True
file-tyaag-1507111040__3.1,file-tyaag-1507111040__3,0,1,0.534751909197414,False
file-andhe_ki_lathi-1507111038__24.0,file-andhe_ki_lathi-1507111038__24,1,0,0.4730965086315497,False
file-andhe_ki_lathi-1507111038__24.1,file-andhe_ki_lathi-1507111038__24,0,0,0.47221018197014114,True
file-khadi_ka_kurtha-0807112238__32.0,file-khadi_ka_kurtha-0807112238__32,1,0,0.46426029118126544,False
file-khadi_ka_kurtha-0807112238__32.5,file-khadi_ka_kurtha-0807112238__32,0,0,0.46235585857948747,True
file-sapna-0707111503__148.0,file-sapna-0707111503__148,1,0,0.469155717698643,False
file-sapna-0707111503__148.1,file-sapna-0707111503__148,0,0,0.46247198338079093,True
file-kiraye_ka_ghar-1507111043__142.0,file-kiraye_ka_ghar-1507111043__142,1,0,0.4063525128737245,False
file-kiraye_ka_ghar-1507111043__142.5,file-kiraye_ka_ghar-1507111043__142,0,0,0.48254928287967347,True
file-sapna-0707111503__236.0,file-sapna-0707111503__236,1,0,0.44788910316215946,False
file-sapna-0707111503__236.1,file-sapna-0707111503__236,0,0,0.44606594633633095,True
file-sapna-0707111503__131.0,file-sapna-0707111503__131,1,0,0.4896761759463452,False
file-sapna-0707111503__131.1,file-sapna-0707111503__131,0,0,0.48435638923083935,True
file-andhe_ki_lathi-1507111038__161.0,file-andhe_ki_lathi-1507111038__161,1,0,0.48782634780621514,False
file-andhe_ki_lathi-1507111038__161.1,file-andhe_ki_lathi-1507111038__161,0,0,0.4904852900960694,True
file-tyaag-1507111040__97.0,file-tyaag-1507111040__97,1,1,0.5205863713297566,True
file-tyaag-1507111040__97.1,file-tyaag-1507111040__97,0,1,0.5206756442474013,False
file-mouth_ka_saudagar-1507111034__88.0,file-mouth_ka_saudagar-1507111034__88,1,1,0.5121644719793383,True
file-mouth_ka_saudagar-1507111034__88.1,file-mouth_ka_saudagar-1507111034__88,0,1,0.5106151657289809,False
file-katl_e_bayan-1507111042__53.0,file-katl_e_bayan-1507111042__53,1,0,0.45661727873484764,False
file-katl_e_bayan-1507111042__53.1,file-katl_e_bayan-1507111042__53,0,0,0.4509511450499119,True
file-rishthey_ka_dhaag-0807112232__82.0,file-rishthey_ka_dhaag-0807112232__82,1,1,0.584213756915327,True
file-rishthey_ka_dhaag-0807112232__82.1,file-rishthey_ka_dhaag-0807112232__82,0,1,0.5087049636153864,False
file-parithyaag-0707111503__96.0,file-parithyaag-0707111503__96,1,1,0.5086660896277089,True
file-parithyaag-0707111503__96.1,file-parithyaag-0707111503__96,0,1,0.5031511076381502,False
file-mouth_ka_saudagar-1507111034__65.0,file-mouth_ka_saudagar-1507111034__65,1,0,0.4935024154972915,False
file-mouth_ka_saudagar-1507111034__65.1,file-mouth_ka_saudagar-1507111034__65,0,0,0.49645103315532196,True
file-andhe_ki_lathi-1507111038__45.0,file-andhe_ki_lathi-1507111038__45,1,1,0.5413148387218262,True
file-andhe_ki_lathi-1507111038__45.1,file-andhe_ki_lathi-1507111038__45,0,0,0.46708194923043794,True
file-udhaar-0707111504__4.0,file-udhaar-0707111504__4,1,1,0.5169469843004757,True
file-udhaar-0707111504__4.1,file-udhaar-0707111504__4,0,0,0.4991344227883391,True
file-kiraye_ka_ghar-1507111043__87.0,file-kiraye_ka_ghar-1507111043__87,1,1,0.5024006676746935,True
file-kiraye_ka_ghar-1507111043__87.1,file-kiraye_ka_ghar-1507111043__87,0,1,0.504197097334009,False
file-yes-sir-0707111505__143.0,file-yes-sir-0707111505__143,1,0,0.4388361845041644,False
file-yes-sir-0707111505__143.1,file-yes-sir-0707111505__143,0,0,0.43352338395694195,True
file-khadi_ka_kurtha-0807112238__11.0,file-khadi_ka_kurtha-0807112238__11,1,1,0.5675343502867826,True
file-khadi_ka_kurtha-0807112238__11.1,file-khadi_ka_kurtha-0807112238__11,0,0,0.48914626804676425,True
file-doli_banaam_arthi__47.0,file-doli_banaam_arthi__47,1,0,0.48414249102587836,False
file-doli_banaam_arthi__47.1,file-doli_banaam_arthi__47,0,0,0.48583406325619855,True
file-katl_e_bayan-1507111042__147.0,file-katl_e_bayan-1507111042__147,1,1,0.5032119421191138,True
file-katl_e_bayan-1507111042__147.1,file-katl_e_bayan-1507111042__147,0,0,0.49316448199131036,True
file-kiraye_ka_ghar-1507111043__2.0,file-kiraye_ka_ghar-1507111043__2,1,1,0.614664386372728,True
file-kiraye_ka_ghar-1507111043__2.1,file-kiraye_ka_ghar-1507111043__2,0,1,0.5331449309767419,False
file-tyaag-1507111040__7.0,file-tyaag-1507111040__7,1,0,0.4390240385998561,False
file-tyaag-1507111040__7.1,file-tyaag-1507111040__7,0,1,0.5066799926927266,False
file-kiraye_ka_ghar-1507111043__118.0,file-kiraye_ka_ghar-1507111043__118,1,0,0.4679345547100184,False
file-kiraye_ka_ghar-1507111043__118.1,file-kiraye_ka_ghar-1507111043__118,0,0,0.46597145266821566,True
file-yes-sir-0707111505__128.0,file-yes-sir-0707111505__128,1,1,0.6150822270074134,True
file-yes-sir-0707111505__128.1,file-yes-sir-0707111505__128,0,1,0.529962998212499,False
file-kiraye_ka_ghar-1507111043__150.0,file-kiraye_ka_ghar-1507111043__150,1,0,0.41109501676454874,False
file-kiraye_ka_ghar-1507111043__150.1,file-kiraye_ka_ghar-1507111043__150,0,0,0.40727976962902535,True
file-katl_e_bayan-1507111042__40.0,file-katl_e_bayan-1507111042__40,1,1,0.5131169928968284,True
file-katl_e_bayan-1507111042__40.1,file-katl_e_bayan-1507111042__40,0,1,0.5084534147233818,False
file-sapna-0707111503__38.0,file-sapna-0707111503__38,1,1,0.5749282550961422,True
file-sapna-0707111503__38.1,file-sapna-0707111503__38,0,0,0.494429381211,True
file-doli_banaam_arthi__64.0,file-doli_banaam_arthi__64,1,1,0.5410436579606016,True
file-doli_banaam_arthi__64.1,file-doli_banaam_arthi__64,0,1,0.5381418370400791,False
file-mouth_ka_saudagar-1507111034__91.0,file-mouth_ka_saudagar-1507111034__91,1,0,0.4964152304205049,False
file-mouth_ka_saudagar-1507111034__91.1,file-mouth_ka_saudagar-1507111034__91,0,0,0.4998881572742951,True
file-parithyaag-0707111503__169.0,file-parithyaag-0707111503__169,1,1,0.5022679534135376,True
file-parithyaag-0707111503__169.1,file-parithyaag-0707111503__169,0,0,0.49886936936348353,True
file-doli_banaam_arthi__112.0,file-doli_banaam_arthi__112,1,1,0.5100457782720841,True
file-doli_banaam_arthi__112.1,file-doli_banaam_arthi__112,0,1,0.5090332826745495,False
file-khadi_ka_kurtha-0807112238__59.0,file-khadi_ka_kurtha-0807112238__59,1,0,0.4830391333421233,False
file-khadi_ka_kurtha-0807112238__59.1,file-khadi_ka_kurtha-0807112238__59,0,0,0.49333617044202327,True
file-katl_e_bayan-1507111042__21.0,file-katl_e_bayan-1507111042__21,1,1,0.506349101183004,True
file-katl_e_bayan-1507111042__21.1,file-katl_e_bayan-1507111042__21,0,1,0.5064384631898957,False
file-udhaar-0707111504__16.0,file-udhaar-0707111504__16,1,1,0.5103033439908649,True
file-udhaar-0707111504__16.1,file-udhaar-0707111504__16,0,1,0.505910048374877,False
file-kiraye_ka_ghar-1507111043__105.0,file-kiraye_ka_ghar-1507111043__105,1,1,0.5239559092681865,True
file-kiraye_ka_ghar-1507111043__105.1,file-kiraye_ka_ghar-1507111043__105,0,1,0.5119631205153669,False
file-yes-sir-0707111505__16.0,file-yes-sir-0707111505__16,1,1,0.5032953639749406,True
file-yes-sir-0707111505__16.1,file-yes-sir-0707111505__16,0,1,0.509422852935376,False
file-yes-sir-0707111505__135.0,file-yes-sir-0707111505__135,1,1,0.5334884975636182,True
file-yes-sir-0707111505__135.1,file-yes-sir-0707111505__135,0,1,0.5320147716175543,False
file-tyaag-1507111040__107.0,file-tyaag-1507111040__107,1,1,0.5016425128072771,True
file-tyaag-1507111040__107.1,file-tyaag-1507111040__107,0,1,0.505199274471684,False
file-tyaag-1507111040__125.0,file-tyaag-1507111040__125,1,1,0.5190743919232174,True
file-tyaag-1507111040__125.1,file-tyaag-1507111040__125,0,1,0.5076610575642952,False
file-udhaar-0707111504__38.0,file-udhaar-0707111504__38,1,1,0.5103653988747285,True
file-udhaar-0707111504__38.1,file-udhaar-0707111504__38,0,1,0.5028325408435248,False
file-sapna-0707111503__78.0,file-sapna-0707111503__78,1,0,0.495104270422506,False
file-sapna-0707111503__78.1,file-sapna-0707111503__78,0,0,0.4179547608996283,True
file-kiraye_ka_ghar-1507111043__139.0,file-kiraye_ka_ghar-1507111043__139,1,1,0.5018727176528445,True
file-kiraye_ka_ghar-1507111043__139.1,file-kiraye_ka_ghar-1507111043__139,0,0,0.49956981433049297,True
file-doli_banaam_arthi__40.0,file-doli_banaam_arthi__40,1,1,0.5226100925494851,True
file-doli_banaam_arthi__40.1,file-doli_banaam_arthi__40,0,1,0.5156385652781795,False
file-kiraye_ka_ghar-1507111043__39.0,file-kiraye_ka_ghar-1507111043__39,1,1,0.5158479179919965,True
file-kiraye_ka_ghar-1507111043__39.1,file-kiraye_ka_ghar-1507111043__39,0,1,0.5156797485257147,False
file-andhe_ki_lathi-1507111038__59.0,file-andhe_ki_lathi-1507111038__59,1,0,0.48812317771012953,False
file-andhe_ki_lathi-1507111038__59.1,file-andhe_ki_lathi-1507111038__59,0,0,0.48364243946409624,True
file-khadi_ka_kurtha-0807112238__25.0,file-khadi_ka_kurtha-0807112238__25,1,1,0.5231708882459516,True
file-khadi_ka_kurtha-0807112238__25.1,file-khadi_ka_kurtha-0807112238__25,0,1,0.5126960211154824,False
file-andhe_ki_lathi-1507111038__155.0,file-andhe_ki_lathi-1507111038__155,1,1,0.532454676667925,True
file-andhe_ki_lathi-1507111038__155.1,file-andhe_ki_lathi-1507111038__155,0,1,0.5266019059982813,False
file-andhe_ki_lathi-1507111038__57.0,file-andhe_ki_lathi-1507111038__57,1,0,0.4826357766893429,False
file-andhe_ki_lathi-1507111038__57.1,file-andhe_ki_lathi-1507111038__57,0,0,0.49664829493433627,True
file-udhaar-0707111504__86.0,file-udhaar-0707111504__86,1,0,0.4454237669274429,False
file-udhaar-0707111504__86.1,file-udhaar-0707111504__86,0,1,0.5184872767700824,False
file-katl_e_bayan-1507111042__134.0,file-katl_e_bayan-1507111042__134,1,1,0.5859067110853639,True
file-katl_e_bayan-1507111042__134.1,file-katl_e_bayan-1507111042__134,0,1,0.5125480663961547,False
